"ENSG","geneName","description"
"ENSPPYG00000000063","CEP170","centrosomal protein 170 [Source:HGNC Symbol;Acc:HGNC:28920]"
"ENSPPYG00000000155","ENSPPYG00000000155","None"
"ENSPPYG00000000198","TAF1A","TATA-box binding protein associated factor, RNA polymerase I subunit A [Source:HGNC Symbol;Acc:HGNC:11532]"
"ENSPPYG00000021488","ENSPPYG00000021488","None"
"ENSPPYG00000000218","USH2A","usherin [Source:HGNC Symbol;Acc:HGNC:12601]"
"ENSPPYG00000000237","PPP2R5A","protein phosphatase 2 regulatory subunit B'alpha [Source:HGNC Symbol;Acc:HGNC:9309]"
"ENSPPYG00000000245","RCOR3","REST corepressor 3 [Source:HGNC Symbol;Acc:HGNC:25594]"
"ENSPPYG00000000374","CAMSAP2","calmodulin regulated spectrin associated protein family member 2 [Source:HGNC Symbol;Acc:HGNC:29188]"
"ENSPPYG00000000379","NR5A2","nuclear receptor subfamily 5 group A member 2 [Source:HGNC Symbol;Acc:HGNC:7984]"
"ENSPPYG00000000380","PTPRC","protein tyrosine phosphatase receptor type C [Source:HGNC Symbol;Acc:HGNC:9666]"
"ENSPPYG00000000383","NEK7","NIMA related kinase 7 [Source:HGNC Symbol;Acc:HGNC:13386]"
"ENSPPYG00000000392","CFH","complement factor H [Source:HGNC Symbol;Acc:HGNC:4883]"
"ENSPPYG00000000393","KCNT2","potassium sodium-activated channel subfamily T member 2 [Source:HGNC Symbol;Acc:HGNC:18866]"
"ENSPPYG00000000409","ODR4","odr-4 GPCR localization factor homolog [Source:HGNC Symbol;Acc:HGNC:24299]"
"ENSPPYG00000000430","SHCBP1L","SHC binding and spindle associated 1 like [Source:HGNC Symbol;Acc:HGNC:16788]"
"ENSPPYG00000000455","TOR1AIP1","torsin 1A interacting protein 1 [Source:NCBI gene (formerly Entrezgene);Acc:100173369]"
"ENSPPYG00000000468","ANGPTL1","angiopoietin like 1 [Source:HGNC Symbol;Acc:HGNC:489]"
"ENSPPYG00000000487","RABGAP1L","RAB GTPase activating protein 1 like [Source:NCBI gene (formerly Entrezgene);Acc:100172082]"
"ENSPPYG00000000545","DCAF6","DDB1 and CUL4 associated factor 6 [Source:NCBI gene (formerly Entrezgene);Acc:100172900]"
"ENSPPYG00000000943","PRKAB2","protein kinase AMP-activated non-catalytic subunit beta 2 [Source:NCBI gene (formerly Entrezgene);Acc:100172154]"
"ENSPPYG00000000953","ENSPPYG00000000953","None"
"ENSPPYG00000000957","SEC22B","SEC22 homolog B, vesicle trafficking protein [Source:NCBI gene (formerly Entrezgene);Acc:100172644]"
"ENSPPYG00000000994","SYCP1","synaptonemal complex protein 1 [Source:HGNC Symbol;Acc:HGNC:11487]"
"ENSPPYG00000001001","TRIM33","tripartite motif containing 33 [Source:HGNC Symbol;Acc:HGNC:16290]"
"ENSPPYG00000001031","C1orf162","chromosome 1 open reading frame 162 [Source:HGNC Symbol;Acc:HGNC:28344]"
"ENSPPYG00000001040","CEPT1","choline/ethanolamine phosphotransferase 1 [Source:HGNC Symbol;Acc:HGNC:24289]"
"ENSPPYG00000001103","COL11A1","collagen type XI alpha 1 chain [Source:HGNC Symbol;Acc:HGNC:2186]"
"ENSPPYG00000001121","SASS6","SAS-6 centriolar assembly protein [Source:HGNC Symbol;Acc:HGNC:25403]"
"ENSPPYG00000001124","AGL","amylo-alpha-1, 6-glucosidase, 4-alpha-glucanotransferase [Source:HGNC Symbol;Acc:HGNC:321]"
"ENSPPYG00000001131","DPYD","dihydropyrimidine dehydrogenase [Source:NCBI gene (formerly Entrezgene);Acc:100173131]"
"ENSPPYG00000001132","PTBP2","polypyrimidine tract binding protein 2 [Source:HGNC Symbol;Acc:HGNC:17662]"
"ENSPPYG00000001140","ABCD3","ATP binding cassette subfamily D member 3 [Source:NCBI gene (formerly Entrezgene);Acc:100172102]"
"ENSPPYG00000001146","FNBP1L","formin binding protein 1 like [Source:HGNC Symbol;Acc:HGNC:20851]"
"ENSPPYG00000001163","HFM1","helicase for meiosis 1 [Source:HGNC Symbol;Acc:HGNC:20193]"
"ENSPPYG00000001189","ODF2L","outer dense fiber of sperm tails 2 like [Source:HGNC Symbol;Acc:HGNC:29225]"
"ENSPPYG00000001209","PRKACB","protein kinase cAMP-activated catalytic subunit beta [Source:NCBI gene (formerly Entrezgene);Acc:100174748]"
"ENSPPYG00000001210","TTLL7","tubulin tyrosine ligase like 7 [Source:HGNC Symbol;Acc:HGNC:26242]"
"ENSPPYG00000001211","ADGRL2","adhesion G protein-coupled receptor L2 [Source:HGNC Symbol;Acc:HGNC:18582]"
"ENSPPYG00000001236","ERICH3","glutamate rich 3 [Source:HGNC Symbol;Acc:HGNC:25346]"
"ENSPPYG00000001237","FPGT","TNNI3 interacting kinase [Source:NCBI gene (formerly Entrezgene);Acc:100174232]"
"ENSPPYG00000001242","CTH","cystathionine gamma-lyase [Source:NCBI gene (formerly Entrezgene);Acc:100171474]"
"ENSPPYG00000001247","LRRC7","leucine rich repeat containing 7 [Source:HGNC Symbol;Acc:HGNC:18531]"
"ENSPPYG00000001272","CACHD1","cache domain containing 1 [Source:HGNC Symbol;Acc:HGNC:29314]"
"ENSPPYG00000001279","ATG4C","autophagy related 4C cysteine peptidase [Source:HGNC Symbol;Acc:HGNC:16040]"
"ENSPPYG00000001280","DOCK7","dedicator of cytokinesis 7 [Source:HGNC Symbol;Acc:HGNC:19190]"
"ENSPPYG00000001347","TUT4","terminal uridylyl transferase 4 [Source:HGNC Symbol;Acc:HGNC:28981]"
"ENSPPYG00000001631","EPB41","erythrocyte membrane protein band 4.1 [Source:HGNC Symbol;Acc:HGNC:3377]"
"ENSPPYG00000002126","STAM","signal transducing adaptor molecule [Source:HGNC Symbol;Acc:HGNC:11357]"
"ENSPPYG00000002197","PARD3","par-3 family cell polarity regulator [Source:HGNC Symbol;Acc:HGNC:16051]"
"ENSPPYG00000002259","PARG","poly(ADP-ribose) glycohydrolase [Source:NCBI gene (formerly Entrezgene);Acc:100446495]"
"ENSPPYG00000029542","WAPL","WAPL cohesin release factor [Source:HGNC Symbol;Acc:HGNC:23293]"
"ENSPPYG00000002400","HERC4","HECT and RLD domain containing E3 ubiquitin protein ligase 4 [Source:HGNC Symbol;Acc:HGNC:24521]"
"ENSPPYG00000002471","KIF20B","kinesin family member 20B [Source:HGNC Symbol;Acc:HGNC:7212]"
"ENSPPYG00000002495","FRA10AC1","FRA10A associated CGG repeat 1 [Source:HGNC Symbol;Acc:HGNC:1162]"
"ENSPPYG00000002500","NOC3L","NOC3 like DNA replication regulator [Source:NCBI gene (formerly Entrezgene);Acc:100174525]"
"ENSPPYG00000002506","ACSM6","acyl-CoA synthetase medium chain family member 6 [Source:HGNC Symbol;Acc:HGNC:31665]"
"ENSPPYG00000002669","CCDC186","coiled-coil domain containing 186 [Source:NCBI gene (formerly Entrezgene);Acc:100172903]"
"ENSPPYG00000002675","FHIP2A","FHF complex subunit HOOK interacting protein 2A [Source:HGNC Symbol;Acc:HGNC:29320]"
"ENSPPYG00000026555","U2","U2 spliceosomal RNA [Source:RFAM;Acc:RF00004]"
"ENSPPYG00000002828","SHLD2","shieldin complex subunit 2 [Source:NCBI gene (formerly Entrezgene);Acc:100172149]"
"ENSPPYG00000003377","DEPDC7","DEP domain containing 7 [Source:NCBI gene (formerly Entrezgene);Acc:100173116]"
"ENSPPYG00000003400","KIF18A","kinesin family member 18A [Source:HGNC Symbol;Acc:HGNC:29441]"
"ENSPPYG00000025912","ENSPPYG00000025912","None"
"ENSPPYG00000003674","PGM2L1","phosphoglucomutase 2 like 1 [Source:NCBI gene (formerly Entrezgene);Acc:100172923]"
"ENSPPYG00000003744","PICALM","phosphatidylinositol binding clathrin assembly protein [Source:HGNC Symbol;Acc:HGNC:15514]"
"ENSPPYG00000003745","EED","embryonic ectoderm development [Source:HGNC Symbol;Acc:HGNC:3188]"
"ENSPPYG00000003756","NOX4","NADPH oxidase 4 [Source:NCBI gene (formerly Entrezgene);Acc:100171782]"
"ENSPPYG00000003757","FOLH1","folate hydrolase 1 [Source:HGNC Symbol;Acc:HGNC:3788]"
"ENSPPYG00000003759","ENSPPYG00000003759","None"
"ENSPPYG00000003795","CCDC82","coiled-coil domain containing 82 [Source:NCBI gene (formerly Entrezgene);Acc:100173237]"
"ENSPPYG00000003816","DCUN1D5","defective in cullin neddylation 1 domain containing 5 [Source:NCBI gene (formerly Entrezgene);Acc:100190810]"
"ENSPPYG00000003819","DYNC2H1","dynein cytoplasmic 2 heavy chain 1 [Source:NCBI gene (formerly Entrezgene);Acc:100172809]"
"ENSPPYG00000003845","ATM","ATM serine/threonine kinase [Source:HGNC Symbol;Acc:HGNC:795]"
"ENSPPYG00000004348","SLCO1B3","solute carrier organic anion transporter family member 1B3 [Source:HGNC Symbol;Acc:HGNC:10961]"
"ENSPPYG00000004353","GOLT1B","golgi transport 1B [Source:NCBI gene (formerly Entrezgene);Acc:100173477]"
"ENSPPYG00000004374","ITPR2","inositol 1,4,5-trisphosphate receptor type 2 [Source:HGNC Symbol;Acc:HGNC:6181]"
"ENSPPYG00000004376","TM7SF3","transmembrane 7 superfamily member 3 [Source:HGNC Symbol;Acc:HGNC:23049]"
"ENSPPYG00000004390","ERGIC2","ERGIC and golgi 2 [Source:HGNC Symbol;Acc:HGNC:30208]"
"ENSPPYG00000004391","OVCH1","ovochymase 1 [Source:HGNC Symbol;Acc:HGNC:23080]"
"ENSPPYG00000004414","C12orf40","chromosome 12 open reading frame 40 [Source:HGNC Symbol;Acc:HGNC:26846]"
"ENSPPYG00000029445","LRRK2","leucine rich repeat kinase 2 [Source:HGNC Symbol;Acc:HGNC:18618]"
"ENSPPYG00000004717","USP15","ubiquitin specific peptidase 15 [Source:HGNC Symbol;Acc:HGNC:12613]"
"ENSPPYG00000004723","SRGAP1","SLIT-ROBO Rho GTPase activating protein 1 [Source:HGNC Symbol;Acc:HGNC:17382]"
"ENSPPYG00000004776","TBC1D15","TBC1 domain family member 15 [Source:NCBI gene (formerly Entrezgene);Acc:100171518]"
"ENSPPYG00000004779","TRHDE","thyrotropin releasing hormone degrading enzyme [Source:HGNC Symbol;Acc:HGNC:30748]"
"ENSPPYG00000004781","CAPS2","calcyphosine 2 [Source:HGNC Symbol;Acc:HGNC:16471]"
"ENSPPYG00000004808","LRRIQ1","leucine rich repeats and IQ motif containing 1 [Source:HGNC Symbol;Acc:HGNC:25708]"
"ENSPPYG00000004814","CEP290","centrosomal protein 290 [Source:HGNC Symbol;Acc:HGNC:29021]"
"ENSPPYG00000004815","TMTC3","transmembrane O-mannosyltransferase targeting cadherins 3 [Source:HGNC Symbol;Acc:HGNC:26899]"
"ENSPPYG00000004875","CHPT1","choline phosphotransferase 1 [Source:HGNC Symbol;Acc:HGNC:17852]"
"ENSPPYG00000004876","SYCP3","synaptonemal complex protein 3 [Source:HGNC Symbol;Acc:HGNC:18130]"
"ENSPPYG00000004996","MED13L","mediator complex subunit 13L [Source:HGNC Symbol;Acc:HGNC:22962]"
"ENSPPYG00000005150","ZNF605","zinc finger protein 605 [Source:HGNC Symbol;Acc:HGNC:28068]"
"ENSPPYG00000005152","ZNF84","zinc finger protein 84 [Source:NCBI gene (formerly Entrezgene);Acc:100174608]"
"ENSPPYG00000005193","IFT88","intraflagellar transport 88 [Source:HGNC Symbol;Acc:HGNC:20606]"
"ENSPPYG00000005201","ZDHHC20","zinc finger DHHC-type palmitoyltransferase 20 [Source:HGNC Symbol;Acc:HGNC:20749]"
"ENSPPYG00000027527","U6","U6 spliceosomal RNA [Source:RFAM;Acc:RF00026]"
"ENSPPYG00000005259","B3GLCT","beta 3-glucosyltransferase [Source:NCBI gene (formerly Entrezgene);Acc:100172078]"
"ENSPPYG00000005264","BRCA2","BRCA2 DNA repair associated [Source:HGNC Symbol;Acc:HGNC:1101]"
"ENSPPYG00000005269","PDS5B","PDS5 cohesin associated factor B [Source:HGNC Symbol;Acc:HGNC:20418]"
"ENSPPYG00000005273","NBEA","neurobeachin [Source:HGNC Symbol;Acc:HGNC:7648]"
"ENSPPYG00000005319","AKAP11","A-kinase anchoring protein 11 [Source:HGNC Symbol;Acc:HGNC:369]"
"ENSPPYG00000005323","DNAJC15","DnaJ heat shock protein family (Hsp40) member C15 [Source:NCBI gene (formerly Entrezgene);Acc:100174349]"
"ENSPPYG00000005357","RB1","RB transcriptional corepressor 1 [Source:HGNC Symbol;Acc:HGNC:9884]"
"ENSPPYG00000005409","DACH1","dachshund family transcription factor 1 [Source:HGNC Symbol;Acc:HGNC:2663]"
"ENSPPYG00000029658","MYCBP2","MYC binding protein 2 [Source:HGNC Symbol;Acc:HGNC:23386]"
"ENSPPYG00000005452","UGGT2","UDP-glucose glycoprotein glucosyltransferase 2 [Source:HGNC Symbol;Acc:HGNC:15664]"
"ENSPPYG00000005477","ENSPPYG00000005477","None"
"ENSPPYG00000005722","STRN3","striatin 3 [Source:HGNC Symbol;Acc:HGNC:15720]"
"ENSPPYG00000005741","PPP2R3C","protein phosphatase 2 regulatory subunit B''gamma [Source:HGNC Symbol;Acc:HGNC:17485]"
"ENSPPYG00000005746","RALGAPA1","Ral GTPase activating protein catalytic subunit alpha 1 [Source:HGNC Symbol;Acc:HGNC:17770]"
"ENSPPYG00000026692","U3","Small nucleolar RNA U3 [Source:RFAM;Acc:RF00012]"
"ENSPPYG00000022603","Y_RNA","Y RNA [Source:RFAM;Acc:RF00019]"
"ENSPPYG00000005768","MIA2","MIA SH3 domain ER export factor 2 [Source:NCBI gene (formerly Entrezgene);Acc:100188897]"
"ENSPPYG00000005799","SOS2","SOS Ras/Rho guanine nucleotide exchange factor 2 [Source:HGNC Symbol;Acc:HGNC:11188]"
"ENSPPYG00000005822","GNPNAT1","glucosamine-phosphate N-acetyltransferase 1 [Source:NCBI gene (formerly Entrezgene);Acc:100172622]"
"ENSPPYG00000005825","DDHD1","DDHD domain containing 1 [Source:HGNC Symbol;Acc:HGNC:19714]"
"ENSPPYG00000005860","KIAA0586","KIAA0586 [Source:HGNC Symbol;Acc:HGNC:19960]"
"ENSPPYG00000005868","LRRC9","leucine rich repeat containing 9 [Source:HGNC Symbol;Acc:HGNC:19848]"
"ENSPPYG00000005895","SYNE2","spectrin repeat containing nuclear envelope protein 2 [Source:HGNC Symbol;Acc:HGNC:17084]"
"ENSPPYG00000005917","GPHN","gephyrin [Source:NCBI gene (formerly Entrezgene);Acc:100172899]"
"ENSPPYG00000005919","PALS1","protein associated with LIN7 1, MAGUK p55 family member [Source:NCBI gene (formerly Entrezgene);Acc:100171889]"
"ENSPPYG00000006080","GOLGA5","golgin A5 [Source:HGNC Symbol;Acc:HGNC:4428]"
"ENSPPYG00000006125","ATG2B","autophagy related 2B [Source:HGNC Symbol;Acc:HGNC:20187]"
"ENSPPYG00000006299","ENSPPYG00000006299","Rho GTPase activating protein 11A [Source:HGNC Symbol;Acc:HGNC:15783]"
"ENSPPYG00000006334","SPRED1","sprouty related EVH1 domain containing 1 [Source:HGNC Symbol;Acc:HGNC:20249]"
"ENSPPYG00000006356","KNL1","kinetochore scaffold 1 [Source:HGNC Symbol;Acc:HGNC:24054]"
"ENSPPYG00000006392","TMEM87A","transmembrane protein 87A [Source:HGNC Symbol;Acc:HGNC:24522]"
"ENSPPYG00000006404","TTBK2","tau tubulin kinase 2 [Source:HGNC Symbol;Acc:HGNC:19141]"
"ENSPPYG00000006452","MYEF2","myelin expression factor 2 [Source:HGNC Symbol;Acc:HGNC:17940]"
"ENSPPYG00000006463","GALK2","galactokinase 2 [Source:NCBI gene (formerly Entrezgene);Acc:100173519]"
"ENSPPYG00000029802","DMXL2","Dmx like 2 [Source:HGNC Symbol;Acc:HGNC:2938]"
"ENSPPYG00000006478","LYSMD2","LysM domain containing 2 [Source:HGNC Symbol;Acc:HGNC:28571]"
"ENSPPYG00000006488","ATOSA","atos homolog A [Source:HGNC Symbol;Acc:HGNC:25609]"
"ENSPPYG00000006501","ENSPPYG00000006501","None"
"ENSPPYG00000006503","TEX9","testis expressed 9 [Source:HGNC Symbol;Acc:HGNC:29585]"
"ENSPPYG00000006515","SLTM","SAFB like transcription modulator [Source:HGNC Symbol;Acc:HGNC:20709]"
"ENSPPYG00000006572","DENND4A","DENN domain containing 4A [Source:HGNC Symbol;Acc:HGNC:24321]"
"ENSPPYG00000006672","NRG4","neuregulin 4 [Source:HGNC Symbol;Acc:HGNC:29862]"
"ENSPPYG00000007137","ENSPPYG00000007137","None"
"ENSPPYG00000007141","SMG1","SMG1 nonsense mediated mRNA decay associated PI3K related kinase [Source:HGNC Symbol;Acc:HGNC:30045]"
"ENSPPYG00000007183","OTOA","otoancorin [Source:HGNC Symbol;Acc:HGNC:16378]"
"ENSPPYG00000008021","ZNF287","zinc finger protein 287 [Source:HGNC Symbol;Acc:HGNC:13502]"
"ENSPPYG00000008122","TAOK1","TAO kinase 1 [Source:HGNC Symbol;Acc:HGNC:29259]"
"ENSPPYG00000008130","NSRP1","nuclear speckle splicing regulatory protein 1 [Source:HGNC Symbol;Acc:HGNC:25305]"
"ENSPPYG00000008147","NF1","neurofibromin 1 [Source:HGNC Symbol;Acc:HGNC:7765]"
"ENSPPYG00000008164","MYO1D","myosin ID [Source:NCBI gene (formerly Entrezgene);Acc:100172378]"
"ENSPPYG00000008293","NSF","N-ethylmaleimide sensitive factor, vesicle fusing ATPase [Source:NCBI gene (formerly Entrezgene);Acc:100174078]"
"ENSPPYG00000008714","EIF4A3","eukaryotic translation initiation factor 4A3 [Source:HGNC Symbol;Acc:HGNC:18683]"
"ENSPPYG00000008877","NPEPPS","aminopeptidase puromycin sensitive [Source:HGNC Symbol;Acc:HGNC:7900]"
"ENSPPYG00000009037","SMCHD1","structural maintenance of chromosomes flexible hinge domain containing 1 [Source:HGNC Symbol;Acc:HGNC:29090]"
"ENSPPYG00000009040","METTL4","methyltransferase 4, N6-adenosine [Source:HGNC Symbol;Acc:HGNC:24726]"
"ENSPPYG00000009121","RIT2","Ras like without CAAX 2 [Source:HGNC Symbol;Acc:HGNC:10017]"
"ENSPPYG00000009155","MYO5B","myosin VB [Source:HGNC Symbol;Acc:HGNC:7603]"
"ENSPPYG00000009163","ME2","malic enzyme 2 [Source:HGNC Symbol;Acc:HGNC:6984]"
"ENSPPYG00000009165","SMAD4","SMAD family member 4 [Source:HGNC Symbol;Acc:HGNC:6770]"
"ENSPPYG00000009170","STARD6","StAR related lipid transfer domain containing 6 [Source:HGNC Symbol;Acc:HGNC:18066]"
"ENSPPYG00000010714","TASP1","taspase 1 [Source:HGNC Symbol;Acc:HGNC:15859]"
"ENSPPYG00000011291","USP25","ubiquitin specific peptidase 25 [Source:HGNC Symbol;Acc:HGNC:12624]"
"ENSPPYG00000028122","SNORA70","Small nucleolar RNA SNORA70 [Source:RFAM;Acc:RF00156]"
"ENSPPYG00000011675","CHEK2","checkpoint kinase 2 [Source:HGNC Symbol;Acc:HGNC:16627]"
"ENSPPYG00000012087","MGAT4A","alpha-1,3-mannosyl-glycoprotein 4-beta-N-acetylglucosaminyltransferase A [Source:NCBI gene (formerly Entrezgene);Acc:100190826]"
"ENSPPYG00000012111","IL1RL1","interleukin 1 receptor like 1 [Source:NCBI gene (formerly Entrezgene);Acc:100189670]"
"ENSPPYG00000012140","CCDC138","coiled-coil domain containing 138 [Source:HGNC Symbol;Acc:HGNC:26531]"
"ENSPPYG00000012161","ANAPC1","anaphase promoting complex subunit 1 [Source:HGNC Symbol;Acc:HGNC:19988]"
"ENSPPYG00000012305","ENSPPYG00000012305","None"
"ENSPPYG00000012364","AFTPH","aftiphilin [Source:HGNC Symbol;Acc:HGNC:25951]"
"ENSPPYG00000029211","U6","U6 spliceosomal RNA [Source:RFAM;Acc:RF00026]"
"ENSPPYG00000012401","CCDC88A","coiled-coil domain containing 88A [Source:HGNC Symbol;Acc:HGNC:25523]"
"ENSPPYG00000012449","PREPL","prolyl endopeptidase like [Source:NCBI gene (formerly Entrezgene);Acc:100171865]"
"ENSPPYG00000029532","LRPPRC","leucine rich pentatricopeptide repeat containing [Source:HGNC Symbol;Acc:HGNC:15714]"
"ENSPPYG00000012472","MAP4K3","mitogen-activated protein kinase kinase kinase kinase 3 [Source:NCBI gene (formerly Entrezgene);Acc:100174288]"
"ENSPPYG00000012474","SOS1","SOS Ras/Rac guanine nucleotide exchange factor 1 [Source:HGNC Symbol;Acc:HGNC:11187]"
"ENSPPYG00000012647","ROCK2","Rho associated coiled-coil containing protein kinase 2 [Source:HGNC Symbol;Acc:HGNC:10252]"
"ENSPPYG00000012748","ENSPPYG00000012748","None"
"ENSPPYG00000012768","MAP3K2","mitogen-activated protein kinase kinase kinase 2 [Source:HGNC Symbol;Acc:HGNC:6854]"
"ENSPPYG00000012813","RAB3GAP1","RAB3 GTPase activating protein catalytic subunit 1 [Source:HGNC Symbol;Acc:HGNC:17063]"
"ENSPPYG00000012822","DARS1","aspartyl-tRNA synthetase 1 [Source:NCBI gene (formerly Entrezgene);Acc:100172859]"
"ENSPPYG00000012827","KYNU","kynureninase [Source:HGNC Symbol;Acc:HGNC:6469]"
"ENSPPYG00000012834","ACVR2A","activin A receptor type 2A [Source:HGNC Symbol;Acc:HGNC:173]"
"ENSPPYG00000012848","ARL5A","ADP ribosylation factor like GTPase 5A [Source:HGNC Symbol;Acc:HGNC:696]"
"ENSPPYG00000012857","GALNT13","polypeptide N-acetylgalactosaminyltransferase 13 [Source:HGNC Symbol;Acc:HGNC:23242]"
"ENSPPYG00000029824","CCDC148","coiled-coil domain containing 148 [Source:HGNC Symbol;Acc:HGNC:25191]"
"ENSPPYG00000012872","BAZ2B","bromodomain adjacent to zinc finger domain 2B [Source:HGNC Symbol;Acc:HGNC:963]"
"ENSPPYG00000012885","GCG","glucagon [Source:HGNC Symbol;Acc:HGNC:4191]"
"ENSPPYG00000012887","IFIH1","interferon induced with helicase C domain 1 [Source:HGNC Symbol;Acc:HGNC:18873]"
"ENSPPYG00000012897","TTC21B","tetratricopeptide repeat domain 21B [Source:HGNC Symbol;Acc:HGNC:25660]"
"ENSPPYG00000012943","OLA1","Obg like ATPase 1 [Source:NCBI gene (formerly Entrezgene);Acc:100174581]"
"ENSPPYG00000012969","AGPS","alkylglycerone phosphate synthase [Source:HGNC Symbol;Acc:HGNC:327]"
"ENSPPYG00000012974","RBM45","RNA binding motif protein 45 [Source:NCBI gene (formerly Entrezgene);Acc:100171920]"
"ENSPPYG00000012979","PLEKHA3","pleckstrin homology domain containing A3 [Source:HGNC Symbol;Acc:HGNC:14338]"
"ENSPPYG00000012986","CWC22","CWC22 spliceosome associated protein homolog [Source:NCBI gene (formerly Entrezgene);Acc:100172707]"
"ENSPPYG00000012988","ITGA4","integrin subunit alpha 4 [Source:HGNC Symbol;Acc:HGNC:6140]"
"ENSPPYG00000012990","CERKL","ceramide kinase like [Source:HGNC Symbol;Acc:HGNC:21699]"
"ENSPPYG00000012996","NCKAP1","NCK associated protein 1 [Source:HGNC Symbol;Acc:HGNC:7666]"
"ENSPPYG00000012998","NUP35","nucleoporin 35 [Source:HGNC Symbol;Acc:HGNC:29797]"
"ENSPPYG00000013011","COL3A1","collagen type III alpha 1 chain [Source:HGNC Symbol;Acc:HGNC:2201]"
"ENSPPYG00000013013","WDR75","WD repeat domain 75 [Source:HGNC Symbol;Acc:HGNC:25725]"
"ENSPPYG00000013015","ANKAR","ankyrin and armadillo repeat containing [Source:HGNC Symbol;Acc:HGNC:26350]"
"ENSPPYG00000013025","NAB1","NGFI-A binding protein 1 [Source:NCBI gene (formerly Entrezgene);Acc:100174501]"
"ENSPPYG00000013028","STAT4","signal transducer and activator of transcription 4 [Source:HGNC Symbol;Acc:HGNC:11365]"
"ENSPPYG00000013032","TMEFF2","transmembrane protein with EGF like and two follistatin like domains 2 [Source:HGNC Symbol;Acc:HGNC:11867]"
"ENSPPYG00000013036","DNAH7","dynein axonemal heavy chain 7 [Source:HGNC Symbol;Acc:HGNC:18661]"
"ENSPPYG00000013145","ABCA12","ATP binding cassette subfamily A member 12 [Source:HGNC Symbol;Acc:HGNC:14637]"
"ENSPPYG00000013231","CUL3","cullin 3 [Source:HGNC Symbol;Acc:HGNC:2553]"
"ENSPPYG00000013449","TXNRD3","thioredoxin reductase 3 [Source:HGNC Symbol;Acc:HGNC:20667]"
"ENSPPYG00000013494","IQCB1","IQ motif containing B1 [Source:HGNC Symbol;Acc:HGNC:28949]"
"ENSPPYG00000013499","STXBP5L","syntaxin binding protein 5L [Source:HGNC Symbol;Acc:HGNC:30757]"
"ENSPPYG00000013501","RABL3","RAB, member of RAS oncogene family like 3 [Source:HGNC Symbol;Acc:HGNC:18072]"
"ENSPPYG00000013532","CCDC191","coiled-coil domain containing 191 [Source:HGNC Symbol;Acc:HGNC:29272]"
"ENSPPYG00000013539","SPICE1","spindle and centriole associated protein 1 [Source:NCBI gene (formerly Entrezgene);Acc:100172308]"
"ENSPPYG00000013561","NECTIN3","nectin cell adhesion molecule 3 [Source:HGNC Symbol;Acc:HGNC:17664]"
"ENSPPYG00000013573","CIP2A","cellular inhibitor of PP2A [Source:HGNC Symbol;Acc:HGNC:29302]"
"ENSPPYG00000013606","CMSS1","cms1 ribosomal small subunit homolog [Source:HGNC Symbol;Acc:HGNC:28666]"
"ENSPPYG00000013624","EPHA6","EPH receptor A6 [Source:HGNC Symbol;Acc:HGNC:19296]"
"ENSPPYG00000013631","PROS1","protein S [Source:HGNC Symbol;Acc:HGNC:9456]"
"ENSPPYG00000013646","EPHA3","EPH receptor A3 [Source:HGNC Symbol;Acc:HGNC:3387]"
"ENSPPYG00000013953","KIF15","kinesin family member 15 [Source:HGNC Symbol;Acc:HGNC:17273]"
"ENSPPYG00000014047","STT3B","STT3 oligosaccharyltransferase complex catalytic subunit B [Source:HGNC Symbol;Acc:HGNC:30611]"
"ENSPPYG00000014061","TOP2B","DNA topoisomerase II beta [Source:NCBI gene (formerly Entrezgene);Acc:100439073]"
"ENSPPYG00000014097","ATP2C1","ATPase secretory pathway Ca2+ transporting 1 [Source:HGNC Symbol;Acc:HGNC:13211]"
"ENSPPYG00000014108","UBA5","ubiquitin like modifier activating enzyme 5 [Source:NCBI gene (formerly Entrezgene);Acc:100172985]"
"ENSPPYG00000014175","TRPC1","transient receptor potential cation channel subfamily C member 1 [Source:HGNC Symbol;Acc:HGNC:12333]"
"ENSPPYG00000014182","DIPK2A","divergent protein kinase domain 2A [Source:HGNC Symbol;Acc:HGNC:28490]"
"ENSPPYG00000014192","CPA3","carboxypeptidase A3 [Source:HGNC Symbol;Acc:HGNC:2298]"
"ENSPPYG00000014193","HLTF","helicase like transcription factor [Source:HGNC Symbol;Acc:HGNC:11099]"
"ENSPPYG00000029636","EIF2A","eukaryotic translation initiation factor 2A [Source:HGNC Symbol;Acc:HGNC:3254]"
"ENSPPYG00000029483","SELENOT","selenoprotein T [Source:NCBI gene (formerly Entrezgene);Acc:100443833]"
"ENSPPYG00000014224","MME","membrane metalloendopeptidase [Source:NCBI gene (formerly Entrezgene);Acc:100173750]"
"ENSPPYG00000014268","SI","sucrase-isomaltase [Source:HGNC Symbol;Acc:HGNC:10856]"
"ENSPPYG00000014275","SERPINI1","serpin family I member 1 [Source:HGNC Symbol;Acc:HGNC:8943]"
"ENSPPYG00000025901","PIK3CA","phosphatidylinositol-4,5-bisphosphate 3-kinase catalytic subunit alpha [Source:HGNC Symbol;Acc:HGNC:8975]"
"ENSPPYG00000014417","OPA1","OPA1 mitochondrial dynamin like GTPase [Source:NCBI gene (formerly Entrezgene);Acc:100172619]"
"ENSPPYG00000014539","ENSPPYG00000014539","None"
"ENSPPYG00000014654","TBC1D19","TBC1 domain family member 19 [Source:HGNC Symbol;Acc:HGNC:25624]"
"ENSPPYG00000014682","PDS5A","PDS5 cohesin associated factor A [Source:HGNC Symbol;Acc:HGNC:29088]"
"ENSPPYG00000014691","ENSPPYG00000014691","None"
"ENSPPYG00000014699","ATP8A1","ATPase phospholipid transporting 8A1 [Source:HGNC Symbol;Acc:HGNC:13531]"
"ENSPPYG00000014717","SLAIN2","SLAIN motif family member 2 [Source:HGNC Symbol;Acc:HGNC:29282]"
"ENSPPYG00000014738","TECRL","trans-2,3-enoyl-CoA reductase like [Source:NCBI gene (formerly Entrezgene);Acc:100174533]"
"ENSPPYG00000014743","POLR2B","RNA polymerase II subunit B [Source:HGNC Symbol;Acc:HGNC:9188]"
"ENSPPYG00000014770","CHIC2","cysteine rich hydrophobic domain 2 [Source:HGNC Symbol;Acc:HGNC:1935]"
"ENSPPYG00000029492","SULT1E1","sulfotransferase family 1E member 1 [Source:HGNC Symbol;Acc:HGNC:11377]"
"ENSPPYG00000014792","CSN1S1","casein alpha s1 [Source:HGNC Symbol;Acc:HGNC:2445]"
"ENSPPYG00000014823","AFP","alpha fetoprotein [Source:HGNC Symbol;Acc:HGNC:317]"
"ENSPPYG00000014908","PTPN13","protein tyrosine phosphatase non-receptor type 13 [Source:HGNC Symbol;Acc:HGNC:9646]"
"ENSPPYG00000014953","MTTP","microsomal triglyceride transfer protein [Source:HGNC Symbol;Acc:HGNC:7467]"
"ENSPPYG00000014968","ENSPPYG00000014968","None"
"ENSPPYG00000014969","SLC9B1","solute carrier family 9 member B1 [Source:HGNC Symbol;Acc:HGNC:24244]"
"ENSPPYG00000027959","U6","U6 spliceosomal RNA [Source:RFAM;Acc:RF00026]"
"ENSPPYG00000014977","INTS12","integrator complex subunit 12 [Source:NCBI gene (formerly Entrezgene);Acc:100172088]"
"ENSPPYG00000014980","TBCK","TBC1 domain containing kinase [Source:HGNC Symbol;Acc:HGNC:28261]"
"ENSPPYG00000014999","EGF","epidermal growth factor [Source:HGNC Symbol;Acc:HGNC:3229]"
"ENSPPYG00000015002","ENPEP","glutamyl aminopeptidase [Source:NCBI gene (formerly Entrezgene);Acc:100173346]"
"ENSPPYG00000015013","CAMK2D","calcium/calmodulin dependent protein kinase II delta [Source:HGNC Symbol;Acc:HGNC:1462]"
"ENSPPYG00000015041","BLTP1","bridge-like lipid transfer protein family member 1 [Source:HGNC Symbol;Acc:HGNC:26953]"
"ENSPPYG00000015088","USP38","ubiquitin specific peptidase 38 [Source:HGNC Symbol;Acc:HGNC:20067]"
"ENSPPYG00000015091","SMARCA5","SWI/SNF related, matrix associated, actin dependent regulator of chromatin, subfamily a, member 5 [Source:HGNC Symbol;Acc:HGNC:11101]"
"ENSPPYG00000015094","ENSPPYG00000015094","None"
"ENSPPYG00000015122","FBXW7","F-box and WD repeat domain containing 7 [Source:NCBI gene (formerly Entrezgene);Acc:100173626]"
"ENSPPYG00000015128","TRIM2","tripartite motif containing 2 [Source:HGNC Symbol;Acc:HGNC:15974]"
"ENSPPYG00000015182","SPOCK3","SPARC (osteonectin), cwcv and kazal like domains proteoglycan 3 [Source:NCBI gene (formerly Entrezgene);Acc:100172015]"
"ENSPPYG00000015185","DDX60L","DExD/H-box 60 like [Source:HGNC Symbol;Acc:HGNC:26429]"
"ENSPPYG00000015203","GALNT7","polypeptide N-acetylgalactosaminyltransferase 7 [Source:NCBI gene (formerly Entrezgene);Acc:100171466]"
"ENSPPYG00000015210","FBXO8","F-box protein 8 [Source:HGNC Symbol;Acc:HGNC:13587]"
"ENSPPYG00000015211","CEP44","centrosomal protein 44 [Source:HGNC Symbol;Acc:HGNC:29356]"
"ENSPPYG00000015216","SPATA4","spermatogenesis associated 4 [Source:HGNC Symbol;Acc:HGNC:17333]"
"ENSPPYG00000015367","CDH10","cadherin 10 [Source:HGNC Symbol;Acc:HGNC:1749]"
"ENSPPYG00000015408","WDR70","WD repeat domain 70 [Source:HGNC Symbol;Acc:HGNC:25495]"
"ENSPPYG00000015424","C7","complement C7 [Source:NCBI gene (formerly Entrezgene);Acc:100172681]"
"ENSPPYG00000015448","PARP8","poly(ADP-ribose) polymerase family member 8 [Source:NCBI gene (formerly Entrezgene);Acc:100294543]"
"ENSPPYG00000015472","DDX4","DEAD-box helicase 4 [Source:HGNC Symbol;Acc:HGNC:18700]"
"ENSPPYG00000015531","ENSPPYG00000015531","None"
"ENSPPYG00000015535","BDP1","B double prime 1, subunit of RNA polymerase III transcription initiation factor IIIB [Source:HGNC Symbol;Acc:HGNC:13652]"
"ENSPPYG00000015546","FCHO2","FCH and mu domain containing endocytic adaptor 2 [Source:NCBI gene (formerly Entrezgene);Acc:100173197]"
"ENSPPYG00000015556","GFM2","GTP dependent ribosome recycling factor mitochondrial 2 [Source:NCBI gene (formerly Entrezgene);Acc:100173642]"
"ENSPPYG00000015580","AP3B1","adaptor related protein complex 3 subunit beta 1 [Source:HGNC Symbol;Acc:HGNC:566]"
"ENSPPYG00000015581","SCAMP1","secretory carrier membrane protein 1 [Source:NCBI gene (formerly Entrezgene);Acc:100174662]"
"ENSPPYG00000015590","TENT2","terminal nucleotidyltransferase 2 [Source:HGNC Symbol;Acc:HGNC:26776]"
"ENSPPYG00000015618","RASA1","RAS p21 protein activator 1 [Source:NCBI gene (formerly Entrezgene);Acc:100172162]"
"ENSPPYG00000015620","TMEM161B","transmembrane protein 161B [Source:HGNC Symbol;Acc:HGNC:28483]"
"ENSPPYG00000015633","KIAA0825","KIAA0825 [Source:HGNC Symbol;Acc:HGNC:28532]"
"ENSPPYG00000015636","MCTP1","multiple C2 and transmembrane domain containing 1 [Source:HGNC Symbol;Acc:HGNC:26183]"
"ENSPPYG00000015643","SPATA9","spermatogenesis associated 9 [Source:HGNC Symbol;Acc:HGNC:22988]"
"ENSPPYG00000015667","PPIP5K2","diphosphoinositol pentakisphosphate kinase 2 [Source:HGNC Symbol;Acc:HGNC:29035]"
"ENSPPYG00000015679","WDR36","WD repeat domain 36 [Source:HGNC Symbol;Acc:HGNC:30696]"
"ENSPPYG00000015708","DMXL1","Dmx like 1 [Source:HGNC Symbol;Acc:HGNC:2937]"
"ENSPPYG00000015718","SNX2","sorting nexin 2 [Source:NCBI gene (formerly Entrezgene);Acc:100172906]"
"ENSPPYG00000015721","CEP120","centrosomal protein 120 [Source:HGNC Symbol;Acc:HGNC:26690]"
"ENSPPYG00000015723","CSNK1G3","casein kinase 1 gamma 3 [Source:NCBI gene (formerly Entrezgene);Acc:100173905]"
"ENSPPYG00000015739","SLC12A2","solute carrier family 12 member 2 [Source:HGNC Symbol;Acc:HGNC:10911]"
"ENSPPYG00000015740","FBN2","fibrillin 2 [Source:HGNC Symbol;Acc:HGNC:3604]"
"ENSPPYG00000015743","ADAMTS19","ADAM metallopeptidase with thrombospondin type 1 motif 19 [Source:HGNC Symbol;Acc:HGNC:17111]"
"ENSPPYG00000028109","U6","U6 spliceosomal RNA [Source:RFAM;Acc:RF00026]"
"ENSPPYG00000015999","UBLCP1","ubiquitin like domain containing CTD phosphatase 1 [Source:NCBI gene (formerly Entrezgene);Acc:100174013]"
"ENSPPYG00000016570","DNAH8","dynein axonemal heavy chain 8 [Source:HGNC Symbol;Acc:HGNC:2952]"
"ENSPPYG00000021703","ENSPPYG00000021703","None"
"ENSPPYG00000016740","PRIM2","DNA primase subunit 2 [Source:HGNC Symbol;Acc:HGNC:9370]"
"ENSPPYG00000016742","LGSN","lengsin, lens protein with glutamine synthetase domain [Source:HGNC Symbol;Acc:HGNC:21016]"
"ENSPPYG00000016753","EYS","eyes shut homolog (Drosophila) [Source:NCBI gene (formerly Entrezgene);Acc:100173479]"
"ENSPPYG00000016760","FAM135A","family with sequence similarity 135 member A [Source:NCBI gene (formerly Entrezgene);Acc:100174474]"
"ENSPPYG00000016763","SMAP1","small ArfGAP 1 [Source:HGNC Symbol;Acc:HGNC:19651]"
"ENSPPYG00000016768","RIMS1","regulating synaptic membrane exocytosis 1 [Source:HGNC Symbol;Acc:HGNC:17282]"
"ENSPPYG00000016785","MYO6","myosin VI [Source:HGNC Symbol;Acc:HGNC:7605]"
"ENSPPYG00000016815","TBX18","T-box transcription factor 18 [Source:HGNC Symbol;Acc:HGNC:11595]"
"ENSPPYG00000016854","UFL1","UFM1 specific ligase 1 [Source:HGNC Symbol;Acc:HGNC:23039]"
"ENSPPYG00000016869","ASCC3","activating signal cointegrator 1 complex subunit 3 [Source:HGNC Symbol;Acc:HGNC:18697]"
"ENSPPYG00000016892","OSTM1","osteoclastogenesis associated transmembrane protein 1 [Source:HGNC Symbol;Acc:HGNC:21652]"
"ENSPPYG00000016942","FRK","fyn related Src family tyrosine kinase [Source:HGNC Symbol;Acc:HGNC:3955]"
"ENSPPYG00000016971","FAM184A","family with sequence similarity 184 member A [Source:HGNC Symbol;Acc:HGNC:20991]"
"ENSPPYG00000016999","PTPRK","protein tyrosine phosphatase receptor type K [Source:NCBI gene (formerly Entrezgene);Acc:100171990]"
"ENSPPYG00000017000","ARHGAP18","Rho GTPase activating protein 18 [Source:NCBI gene (formerly Entrezgene);Acc:100172093]"
"ENSPPYG00000017002","L3MBTL3","L3MBTL histone methyl-lysine binding protein 3 [Source:HGNC Symbol;Acc:HGNC:23035]"
"ENSPPYG00000017027","HBS1L","HBS1 like translational GTPase [Source:NCBI gene (formerly Entrezgene);Acc:100173449]"
"ENSPPYG00000017061","PEX3","peroxisomal biogenesis factor 3 [Source:HGNC Symbol;Acc:HGNC:8858]"
"ENSPPYG00000017070","UTRN","utrophin [Source:NCBI gene (formerly Entrezgene);Acc:100172525]"
"ENSPPYG00000017073","FBXO30","F-box protein 30 [Source:HGNC Symbol;Acc:HGNC:15600]"
"ENSPPYG00000017074","SHPRH","SNF2 histone linker PHD RING helicase [Source:HGNC Symbol;Acc:HGNC:19336]"
"ENSPPYG00000017079","STXBP5","syntaxin binding protein 5 [Source:HGNC Symbol;Acc:HGNC:19665]"
"ENSPPYG00000017091","LATS1","large tumor suppressor kinase 1 [Source:HGNC Symbol;Acc:HGNC:6514]"
"ENSPPYG00000017113","SYNE1","spectrin repeat containing nuclear envelope protein 1 [Source:HGNC Symbol;Acc:HGNC:17089]"
"ENSPPYG00000017116","FBXO5","F-box protein 5 [Source:HGNC Symbol;Acc:HGNC:13584]"
"ENSPPYG00000017121","SCAF8","SR-related CTD associated factor 8 [Source:HGNC Symbol;Acc:HGNC:20959]"
"ENSPPYG00000017166","ENSPPYG00000017166","None"
"ENSPPYG00000017530","ZNF92","zinc finger protein 92 [Source:HGNC Symbol;Acc:HGNC:13168]"
"ENSPPYG00000017629","SFRP4","secreted frizzled related protein 4 [Source:HGNC Symbol;Acc:HGNC:10778]"
"ENSPPYG00000017642","DPY19L2","dpy-19 like 2 [Source:HGNC Symbol;Acc:HGNC:19414]"
"ENSPPYG00000017692","TAX1BP1","Tax1 binding protein 1 [Source:NCBI gene (formerly Entrezgene);Acc:100189828]"
"ENSPPYG00000017779","PHF14","PHD finger protein 14 [Source:HGNC Symbol;Acc:HGNC:22203]"
"ENSPPYG00000017795","ENSPPYG00000017795","None"
"ENSPPYG00000017808","CASD1","CAS1 domain containing 1 [Source:HGNC Symbol;Acc:HGNC:16014]"
"ENSPPYG00000017832","STEAP2","STEAP2 metalloreductase [Source:HGNC Symbol;Acc:HGNC:17885]"
"ENSPPYG00000017842","RUNDC3B","RUN domain containing 3B [Source:NCBI gene (formerly Entrezgene);Acc:100190847]"
"ENSPPYG00000017845","ABCB4","ATP binding cassette subfamily B member 4 [Source:HGNC Symbol;Acc:HGNC:45]"
"ENSPPYG00000017855","SEMA3A","semaphorin 3A [Source:HGNC Symbol;Acc:HGNC:10723]"
"ENSPPYG00000017873","CCDC146","coiled-coil domain containing 146 [Source:HGNC Symbol;Acc:HGNC:29296]"
"ENSPPYG00000017875","FAM185A","family with sequence similarity 185 member A [Source:HGNC Symbol;Acc:HGNC:22412]"
"ENSPPYG00000017897","PRKAR2B","protein kinase cAMP-dependent type II regulatory subunit beta [Source:HGNC Symbol;Acc:HGNC:9392]"
"ENSPPYG00000017899","COG5","component of oligomeric golgi complex 5 [Source:HGNC Symbol;Acc:HGNC:14857]"
"ENSPPYG00000017949","PTPRZ1","protein tyrosine phosphatase receptor type Z1 [Source:HGNC Symbol;Acc:HGNC:9685]"
"ENSPPYG00000018200","ENSPPYG00000018200","None"
"ENSPPYG00000018221","LMBR1","limb development membrane protein 1 [Source:HGNC Symbol;Acc:HGNC:13243]"
"ENSPPYG00000018301","FBXO25","F-box protein 25 [Source:HGNC Symbol;Acc:HGNC:13596]"
"ENSPPYG00000018367","TNKS","tankyrase [Source:HGNC Symbol;Acc:HGNC:11941]"
"ENSPPYG00000018610","UBXN2B","UBX domain protein 2B [Source:HGNC Symbol;Acc:HGNC:27035]"
"ENSPPYG00000018652","PREX2","phosphatidylinositol-3,4,5-trisphosphate dependent Rac exchange factor 2 [Source:HGNC Symbol;Acc:HGNC:22950]"
"ENSPPYG00000018666","TRPA1","transient receptor potential cation channel subfamily A member 1 [Source:HGNC Symbol;Acc:HGNC:497]"
"ENSPPYG00000018669","TERF1","telomeric repeat binding factor 1 [Source:NCBI gene (formerly Entrezgene);Acc:100173454]"
"ENSPPYG00000028488","U6","U6 spliceosomal RNA [Source:RFAM;Acc:RF00026]"
"ENSPPYG00000018707","ZFAND1","zinc finger AN1-type containing 1 [Source:HGNC Symbol;Acc:HGNC:25858]"
"ENSPPYG00000018704","SNX16","sorting nexin 16 [Source:NCBI gene (formerly Entrezgene);Acc:100173483]"
"ENSPPYG00000018782","VPS13B","vacuolar protein sorting 13 homolog B [Source:HGNC Symbol;Acc:HGNC:2183]"
"ENSPPYG00000018787","SPAG1","sperm associated antigen 1 [Source:HGNC Symbol;Acc:HGNC:11212]"
"ENSPPYG00000018815","OXR1","oxidation resistance 1 [Source:NCBI gene (formerly Entrezgene);Acc:100172792]"
"ENSPPYG00000018828","CSMD3","CUB and Sushi multiple domains 3 [Source:HGNC Symbol;Acc:HGNC:19291]"
"ENSPPYG00000018848","MTBP","MDM2 binding protein [Source:HGNC Symbol;Acc:HGNC:7417]"
"ENSPPYG00000018861","FER1L6","fer-1 like family member 6 [Source:HGNC Symbol;Acc:HGNC:28065]"
"ENSPPYG00000018891","PHF20L1","PHD finger protein 20 like 1 [Source:HGNC Symbol;Acc:HGNC:24280]"
"ENSPPYG00000019039","ENSPPYG00000019039","None"
"ENSPPYG00000019040","ENSPPYG00000019040","None"
"ENSPPYG00000019201","CNTLN","centlein [Source:HGNC Symbol;Acc:HGNC:23432]"
"ENSPPYG00000019225","ENSPPYG00000019225","glycine decarboxylase [Source:HGNC Symbol;Acc:HGNC:4313]"
"ENSPPYG00000019243","JAK2","Janus kinase 2 [Source:NCBI gene (formerly Entrezgene);Acc:100172517]"
"ENSPPYG00000019253","RFX3","regulatory factor X3 [Source:HGNC Symbol;Acc:HGNC:9984]"
"ENSPPYG00000019265","ZNG1A","Zn regulated GTPase metalloprotein activator 1A [Source:NCBI gene (formerly Entrezgene);Acc:100294692]"
"ENSPPYG00000019268","PGM5","phosphoglucomutase 5 [Source:HGNC Symbol;Acc:HGNC:8908]"
"ENSPPYG00000019291","TMC1","transmembrane channel like 1 [Source:HGNC Symbol;Acc:HGNC:16513]"
"ENSPPYG00000019309","VPS13A","vacuolar protein sorting 13 homolog A [Source:HGNC Symbol;Acc:HGNC:1908]"
"ENSPPYG00000019312","CEP78","centrosomal protein 78 [Source:HGNC Symbol;Acc:HGNC:25740]"
"ENSPPYG00000019333","AGTPBP1","ATP/GTP binding carboxypeptidase 1 [Source:HGNC Symbol;Acc:HGNC:17258]"
"ENSPPYG00000019377","OGN","osteoglycin [Source:NCBI gene (formerly Entrezgene);Acc:100172393]"
"ENSPPYG00000024842","U6","U6 spliceosomal RNA [Source:RFAM;Acc:RF00026]"
"ENSPPYG00000019443","STX17","syntaxin 17 [Source:HGNC Symbol;Acc:HGNC:11432]"
"ENSPPYG00000019589","STRBP","spermatid perinuclear RNA binding protein [Source:NCBI gene (formerly Entrezgene);Acc:100173445]"
"ENSPPYG00000019907","ENSPPYG00000019907","None"
